id,text
1,هذا هو النص الأول الذي يحتوي على بعض الكلمات المهمة.
2,هنا لدينا نص ثاني مع بعض المفردات المختلفة لتجربة .
3,هذه جملة ثالثة تحتوي على كلمات متنوعة لتوليد تمثيلات النصوص.
4,نص رابع لاختبار الخوارزميات المختلفة المستخدمة في معالجة اللغة الطبيعية.
5,النص الخامس لتجربة معالجة النصوص باللغة العربية باستخدام .
6,أهمية معالجة اللغة الطبيعية في فهم البيانات والنصوص.
7,البحث في النصوص العربية باستخدام تقنيات تحليل البيانات الحديثة.
8,كيفية استخدام خوارزميات التعلم الآلي لتحليل النصوص.
9,دراسة تأثير البيانات الضخمة على النماذج اللغوية الحديثة.
10,تطبيقات  في تصنيف النصوص واستخراج المعلومات.
